<?xml version="1.0" encoding="utf-8"?>
<xbrl
  xmlns="http://www.xbrl.org/2003/instance"
  xmlns:eg="http://xbrlapi.org/test/xdt/001"
  xmlns:link="http://www.xbrl.org/2003/linkbase"
  xmlns:xlink="http://www.w3.org/1999/xlink"
  xmlns:iso4217="http://www.xbrl.org/2003/iso4217"
  xmlns:xbrldi="http://xbrl.org/2006/xbrldi"
  xmlns:xsi="http://www.w3.org/2001/XMLSchema-instance"
  xsi:schemaLocation="
    http://www.xbrl.org/2003/instance http://www.xbrl.org/2003/xbrl-instance-2003-12-31.xsd
    http://xbrlapi.org/test/xdt/001 schema.xsd"
  >

  <link:schemaRef xlink:type="simple" xlink:href="schema.xsd" />
  
  <link:linkbaseRef xlink:type="simple" xlink:href="definition_default_values.xml" 
  xlink:role="http://www.xbrl.org/2003/role/definitionLinkbaseRef" 
  xlink:arcrole="http://www.w3.org/1999/xlink/properties/linkbase"/>

  <context id="c1">
    <entity>
      <identifier scheme="http://xbrl.org/entity/identification/scheme">AAA001</identifier>
      <segment>
        <xbrldi:explicitMember dimension="eg:dim2">eg:dom2mem1</xbrldi:explicitMember>
      </segment>
    </entity>
    <period>
      <instant>2007-12-31</instant>
    </period>
  </context>

  <context id="c2">
    <entity>
      <identifier scheme="http://xbrl.org/entity/identification/scheme">AAA001</identifier>
      <segment>
        <xbrldi:explicitMember dimension="eg:dim2">eg:dom2mem2</xbrldi:explicitMember>
      </segment>
    </entity>
    <period>
      <instant>2007-12-31</instant>
    </period>
  </context>

  <context id="c3">
    <entity>
      <identifier scheme="http://xbrl.org/entity/identification/scheme">AAA001</identifier>
      <segment>
        <xbrldi:explicitMember dimension="eg:dim2">eg:dom2mem3</xbrldi:explicitMember>
      </segment>
    </entity>
    <period>
      <instant>2007-12-31</instant>
    </period>
  </context>

  <eg:concept1 contextRef="c1">abc</eg:concept1>
  <eg:concept1 contextRef="c3">mno</eg:concept1>
  <eg:concept2 contextRef="c2">xyz</eg:concept2>
</xbrl>
