<?xml version="1.0" encoding="utf-8"?>
<xbrl
  xmlns="http://www.xbrl.org/2003/instance"
  xmlns:xbrli="http://www.xbrl.org/2003/instance"
  xmlns:eg="http://xbrlapi.org/test/xbrl/002"
  xmlns:link="http://www.xbrl.org/2003/linkbase"
  xmlns:xlink="http://www.w3.org/1999/xlink"
  xmlns:iso4217="http://www.xbrl.org/2003/iso4217"
  xmlns:xbrldi="http://xbrl.org/2006/xbrldi"
  xmlns:xsi="http://www.w3.org/2001/XMLSchema-instance"
  xmlns:u1="http://xbrlapi.org/metric/u1"
  xmlns:u6="http://xbrlapi.org/metric/u6/wrong"  
  xmlns:u7="http://xbrlapi.org/metric/u7/wrong"  
  xsi:schemaLocation="
    http://www.xbrl.org/2003/instance http://www.xbrl.org/2003/xbrl-instance-2003-12-31.xsd
    http://xbrlapi.org/test/xbrl/002 schema.xsd"
  >

  <link:schemaRef xlink:type="simple" xlink:href="schema.xsd" />

  <context id="c1">
    <entity>
      <identifier scheme="http://xbrl.org/entity/identification/scheme">AAA001</identifier>
    </entity>
    <period>
      <instant>2007-12-31</instant>
    </period>
  </context>
  
  <unit id="u1" >
    <measure>u1:km</measure>
  </unit>

  <eg:root contextRef="c1" unitRef="u1">1</eg:root>
  
  <unit id="u2"  xmlns:u2="http://xbrlapi.org/metric/u2">
    <measure>u2:km</measure>
  </unit>

  <eg:root contextRef="c1" unitRef="u2">2</eg:root>

  <unit id="u3"  xmlns:u3="http://xbrlapi.org/metric/u3">
    <measure>u3:km</measure>
  </unit>

  <eg:root contextRef="c1" unitRef="u3">3</eg:root>

  <unit id="u4">
    <measure xmlns:u4="http://xbrlapi.org/metric/u4">u4:km</measure>
  </unit>

  <eg:root contextRef="c1" unitRef="u4">4</eg:root>

  <unit id="u5"  xmlns:u5="http://xbrlapi.org/metric/u5/wrong">
    <measure xmlns:u5="http://xbrlapi.org/metric/u5">u5:km</measure>
  </unit>

  <eg:root contextRef="c1" unitRef="u5">5</eg:root>

  <unit id="u6">
    <measure xmlns:u6="http://xbrlapi.org/metric/u6">u6:km</measure>
  </unit>

  <eg:root contextRef="c1" unitRef="u6">6</eg:root>

  <unit id="u7" xmlns:u7="http://xbrlapi.org/metric/u7">
    <measure>u7:km</measure>
  </unit>

  <unit id="u8">
    <measure>xbrli:shares</measure>
  </unit>
  
  <eg:root contextRef="c1" unitRef="u7">7</eg:root>
  
</xbrl>
